Youtuber,category,Country,subscribers,video views,uploads,highest_yearly_earnings,cluster
T-Series,Music,India,245000000,228000000000.0,20082,108400000.0,2
YouTube Movies,Film & Animation,United States,170000000,0.0,1,0.58,3
MrBeast,Entertainment,United States,166000000,28368841870.0,741,64700000.0,3
Cocomelon - Nursery Rhymes,Education,United States,162000000,164000000000.0,966,94800000.0,2
SET India,Shows,India,159000000,148000000000.0,116536,87500000.0,2
Music,0,0,119000000,0.0,0,0.0,3
ýýý Kids Diana Show,People & Blogs,United States,112000000,93247040539.0,1111,35100000.0,3
PewDiePie,Gaming,Japan,111000000,29058044447.0,4716,1900000.0,3
Like Nastya,People & Blogs,Russia,106000000,90479060027.0,493,2300000.0,3
Vlad and Niki,Entertainment,United States,98900000,77180169894.0,574,27900000.0,3
Zee Music Company,Music,India,96700000,57856289381.0,8548,38600000.0,3
WWE,Sports,United States,96000000,77428473662.0,70127,34300000.0,3
Gaming,0,0,93600000,0.0,0,0.0,3
BLACKPINK,People & Blogs,South Korea,89800000,32144597566.0,543,23900000.0,3
Goldmines,Film & Animation,0,86900000,24118230580.0,1,0.86,3
Sony SAB,Shows,India,83000000,101000000000.0,71270,79600000.0,3
5-Minute Crafts,Howto & Style,United Kingdom,80100000,26236790209.0,1,0.05,3
BANGTANTV,Music,South Korea,75600000,20826993957.0,2281,8100000.0,3
Sports,0,United States,75000000,0.0,3,0.77,0
Justin Bieber,Music,Canada,71600000,30608119724.0,249,8500000.0,3
HYBE LABELS,Music,South Korea,71300000,28634566938.0,1337,28700000.0,3
Zee TV,Entertainment,India,70500000,73139054467.0,129204,81900000.0,3
Pinkfong Baby Shark - Kids' Songs & Stories,Education,United States,68200000,38843229963.0,2865,22700000.0,3
Canal KondZilla,Music,Brazil,66500000,36775585925.0,2572,0.0,3
ChuChu TV Nursery Rhymes & Kids Songs,Education,India,65900000,45757850229.0,633,20200000.0,3
Shemaroo Filmi Gaane,Music,India,65600000,28648024439.0,8502,12200000.0,3
Colors TV,Shows,India,64600000,61510906457.0,112915,57000000.0,3
T-Series Bhakti Sagar,Music,India,61000000,29533230328.0,13,0.48,3
Dude Perfect,Sports,United States,59500000,16241549158.0,389,6800000.0,3
Movieclips,Film & Animation,United States,59500000,59316472754.0,39113,5500000.0,3
Tips Official,Music,India,59300000,33431802698.0,4741,20300000.0,3
El Reino Infantil,Music,Argentina,58400000,57271630846.0,1510,29400000.0,3
Wave Music,Music,India,58000000,40602020243.0,19487,11100000.0,3
Aaj Tak,News & Politics,India,57600000,25307753534.0,283775,22100000.0,1
Sony Music India,Music,India,57200000,28837144516.0,3882,12400000.0,3
EminemMusic,Music,United States,56900000,27073872856.0,156,12500000.0,3
Marshmello,Entertainment,United States,56400000,14696003229.0,436,5400000.0,0
YRF,Film & Animation,India,54600000,35302243691.0,3707,24600000.0,3
LooLoo Kids - Nursery Rhymes and Children's Songs,Music,0,54000000,32312431239.0,11,8.0,3
Ed Sheeran,Music,United Kingdom,53500000,30367676736.0,383,9700000.0,3
Infobells - Hindi,Education,India,53300000,30516172739.0,577,39200000.0,3
Taylor Swift,Music,United States,52900000,29884657286.0,216,25400000.0,3
Ariana Grande,Music,United States,52700000,24004842608.0,147,7700000.0,3
BillionSurpriseToys  - Nursery Rhymes & Cartoons,Education,United States,52200000,9877365274.0,847,12800000.0,0
JuegaGerman,Gaming,Chile,48100000,14631710289.0,2052,3200000.0,0
Billie Eilish,Music,United States,47900000,13626331061.0,65,7000000.0,0
Get Movies,Entertainment,Russia,47500000,30788679536.0,3322,14700000.0,3
Shemaroo,Entertainment,India,47400000,22519705183.0,11451,11200000.0,3
Badabun,Entertainment,0,46800000,19398045702.0,1,21.0,0
SonyMusicIndiaVEVO,Music,United States,46600000,27286058807.0,3444,15100000.0,3
A4,Gaming,Cuba,46300000,22936630813.0,1,5.0,0
Bad Bunny,Music,0,46100000,30686342319.0,1,0.05,0
Fernanfloo,Gaming,El Salvador,46100000,10323391593.0,543,1600000.0,0
Voot Kids,Entertainment,India,45500000,21388725229.0,4660,11200000.0,3
Felipe Neto,Entertainment,Brazil,45200000,16602198273.0,4331,6300000.0,0
Vocï¿½ï¿½ï¿½,Entertainment,Brazil,44700000,7828610828.0,1558,2300000.0,0
HAR PAL GEO,Entertainment,Pakistan,44600000,41139050371.0,100755,64200000.0,3
BRIGHT SIDE,Howto & Style,0,44500000,10708531817.0,0,0.0,0
Katy Perry,Music,United States,44200000,25458952022.0,128,6400000.0,0
whinderssonnunes,Comedy,Brazil,44200000,4274709210.0,558,1300000.0,0
ABS-CBN Entertainment,People & Blogs,Philippines,44200000,50292540392.0,193890,8500000.0,1
Alan Walker,Music,Thailand,43700000,12884264778.0,8,1.0,0
HolaSoyGerman.,Entertainment,0,43600000,4831311245.0,6,0.19,0
Shakira,People & Blogs,Colombia,43500000,27568757295.0,326,17000000.0,3
ýýýýýýýý ýý ýýýýýýýýýýýýýý,Film & Animation,Russia,43200000,36458726976.0,1478,14600000.0,3
ARY Digital HD,Entertainment,Pakistan,43200000,37939780685.0,109871,55200000.0,3
Speed Records,Music,India,42500000,26820902622.0,10938,7700000.0,3
Masha and The Bear,Shows,United States,42400000,24519022988.0,1218,32200000.0,3
Like Nastya Show,Entertainment,United States,42400000,19547696190.0,618,2600000.0,0
Rihanna,Entertainment,Barbados,41900000,22477745835.0,84,8800000.0,0
Ishtar Music,Trailers,India,41400000,17608931161.0,4510,8700000.0,0
Kimberly Loaiza,People & Blogs,Mexico,41300000,5603111948.0,291,6600000.0,0
Little Baby Bum - Nursery Rhymes & Kids Songs,Education,United States,40900000,39450824833.0,2423,4700000.0,3
Luisito Comunica,Comedy,Mexico,40600000,8670473639.0,0,0.0,0
elrubiusOMG,Gaming,0,40400000,7410536668.0,703,277100.0,0
Toys and Colors,Entertainment,0,40300000,47005053156.0,4,0.24,3
shfa2 - ï¿½ï¿½,People & Blogs,United Arab Emirates,39700000,23884824160.0,1596,11900000.0,0
LUCCAS NETO - LUCCAS TOON,People & Blogs,0,39400000,22302547082.0,1,0.1,0
CarryMinati,Comedy,India,39200000,3294013141.0,186,3800000.0,0
XXXTENTACION,Music,United States,39200000,10507474316.0,133,2800000.0,0
Super Simple Songs - Kids Songs,Education,Canada,39200000,44900897958.0,744,26900000.0,3
Mikecrack,Gaming,Spain,39100000,16118181673.0,1876,12700000.0,0
WorkpointOfficial,Entertainment,Thailand,39000000,36131228583.0,72580,6300000.0,3
GR6 EXPLODE,Music,Brazil,38900000,25154232306.0,3043,78500000.0,3
TEDx Talks,Nonprofits & Activism,United States,38600000,7339333120.0,200933,2200000.0,1
shfa,People & Blogs,Saudi Arabia,38400000,21528116909.0,982,76300.0,0
Goldmines Gaane Sune Ansune,Music,India,38300000,16718192386.0,3532,39100000.0,3
One Direction,Music,United States,38200000,13598903820.0,11,305.0,0
TheEllenShow,Entertainment,United States,38200000,22756581750.0,15672,1000000.0,0
Sony PAL,Shows,India,38200000,28519339489.0,24089,20000000.0,3
Daddy Yankee,Music,United States,38000000,22731415608.0,505,9900000.0,0
Vlad vï¿½ï¿½ï,0,United States,37900000,23510152352.0,515,11700000.0,0
Like Nastya ESP,Entertainment,United States,37600000,18208196857.0,743,15400000.0,0
ýýýýýýýýýýýý one31,Entertainment,Thailand,37500000,27262462114.0,117152,6800000.0,1
Jkk Entertainment,Comedy,India,37200000,16402066717.0,220,2400000.0,0
ABP NEWS,People & Blogs,India,37000000,13102611515.0,301308,12800000.0,1
Maria Clara & JP,People & Blogs,Brazil,37000000,24188861917.0,744,12100000.0,0
Bruno Mars,Music,United States,36700000,19378155425.0,99,8400000.0,0
Maroon 5,Music,United States,36600000,22553923546.0,171,7300000.0,0
Ultra Bollywood,Trailers,India,36600000,15653786446.0,9168,0.0,0
PowerKids TV,Film & Animation,0,36500000,18961241905.0,5621,15300000.0,0
YouTube,News & Politics,United States,36300000,3010784935.0,744,1000000.0,0
News,0,0,36300000,0.0,0,0.0,0
Ozuna,Music,0,36200000,23355801606.0,196,8100000.0,0
MrBeast Gaming,Gaming,0,36100000,6331332547.0,5,2.0,0
La Granja de Zenï¿½,Music,Argentina,35700000,27118354077.0,654,14500000.0,3
Saregama Music,Entertainment,India,35500000,15657673422.0,7566,25600000.0,3
IndiaTV,News & Politics,India,35500000,16105023749.0,273255,14000000.0,1
T-Series Bollywood Classics,Music,India,35400000,22637783517.0,2010,15900000.0,0
Total Gaming,Gaming,0,35400000,5556364230.0,1,3.0,0
Markiplier,Gaming,United States,35200000,20297931219.0,5490,6100000.0,0
Ryan's World,Entertainment,United States,35200000,55299840198.0,2453,11500000.0,3
Genevieve's Playhouse - Learning Videos for Kids,Education,United States,34900000,25607397308.0,617,16100000.0,3
T-Series Apna Punjab,Music,0,34600000,21306315429.0,0,0.0,0
Techno Gamerz,Gaming,0,34400000,9690499664.0,1,4.0,0
Geet MP3,Music,India,34300000,12746535822.0,679,4900000.0,0
J Balvin,Music,Colombia,34100000,23005313609.0,141,6200000.0,0
Jess No Limit,Entertainment,Indonesia,34000000,3963007415.0,2284,26300000.0,0
Jingle Toons,Film & Animation,India,34000000,11351015824.0,240,8600000.0,0
VEGETTA777,Gaming,Spain,33800000,15432929204.0,7606,1900000.0,0
Galinha Pintadinha,Film & Animation,Brazil,33800000,27274550757.0,66,19400000.0,3
SSSniperWolf,Gaming,United States,33700000,23492684419.0,3366,10100000.0,0
Desi Music Factory,Music,0,33700000,10189027455.0,2,0.0,0
Selena Gomez,Film & Animation,United States,33600000,13013567335.0,188,5600000.0,0
Rajshri,Music,India,33500000,14864294792.0,3741,13100000.0,0
Ch3Thailand,Entertainment,Thailand,33500000,29611914495.0,96214,0.0,1
KHANDESHI MOVIES,Comedy,India,33500000,11405809704.0,217,1200000.0,0
NoCopyrightSounds,Music,United Kingdom,33400000,10530729078.0,1331,2700000.0,0
CVS 3D Rhymes & Kids Songs,Education,India,33400000,20269857567.0,338,6500000.0,0
Ricis Official,People & Blogs,Indonesia,33300000,5994136760.0,2736,7500000.0,0
BabyBus - Kids Songs and Cartoons,Education,United States,32800000,26355088167.0,2122,6100000.0,0
Eros Now Music,Entertainment,India,32700000,17853798780.0,1521,972600.0,0
BETER Bï¿½ï¿½,0,Turkey,32700000,19180039918.0,2738,70200000.0,3
DisneyMusicVEVO,Music,United States,32700000,28516250629.0,2068,15800000.0,3
The Weeknd,Music,Canada,32600000,23379969006.0,169,17900000.0,3
WowKidz,Film & Animation,0,32200000,16613441479.0,2,0.05,0
KAROL G,Music,Colombia,32100000,18699145555.0,134,22400000.0,3
Mr Bean,Shows,United Kingdom,32100000,10602236110.0,3091,2700000.0,0
rezendeevil,Gaming,Brazil,32100000,13061739758.0,11882,2100000.0,0
StarPlus,Entertainment,India,32000000,26800674545.0,44892,80000000.0,3
SMTOWN,Music,0,31900000,27330239663.0,4158,11200000.0,0
GMA  Network,Entertainment,Philippines,31900000,19428308461.0,93311,38300000.0,3
GENIAL,Howto & Style,Mexico,31800000,6762424690.0,6734,1500000.0,0
MR. INDIAN HACKER,Science & Technology,India,31700000,5711208484.0,929,5200000.0,0
Worldwide Records Bhojpuri,Music,India,31700000,16476978876.0,6518,5400000.0,0
DONA ï¿½ï¿½,Entertainment,United States,31700000,21031745531.0,166,7400000.0,0
Dream,Gaming,United States,31700000,2930015381.0,116,1300000.0,0
Lucas and Marcus,Entertainment,United States,31600000,11615848291.0,1321,15000000.0,0
JustinBieberVEVO,Music,United States,31600000,26583873105.0,204,5000000.0,0
Luis Fonsi,Entertainment,0,31400000,15176762479.0,0,0.0,0
Peppa Pig - Official Channel,Film & Animation,United Kingdom,31400000,22919271731.0,3589,11800000.0,0
YOLO AVENTURAS,People & Blogs,Venezuela,31200000,9673649438.0,65,172.0,0
The Tonight Show Starring Jimmy Fallon,Comedy,United States,31200000,17111726160.0,8976,0.0,0
TheDonato,Entertainment,Argentina,31200000,6187804950.0,3027,9200000.0,0
ImagineDragons,Music,United States,30700000,16793072362.0,92,9100000.0,0
Diana and Roma ESP,0,United States,30700000,12355992466.0,578,4900000.0,0
Round2hell,Comedy,India,30700000,3145161634.0,67,1500000.0,0
Zee News,News & Politics,India,30500000,16709857823.0,180092,22200000.0,1
AboFlah,Gaming,Kuwait,30500000,4521573939.0,641,7600000.0,0
AH,Entertainment,Indonesia,30400000,4332274962.0,2197,1000000.0,0
Trap Nation,Music,United States,30400000,14037426379.0,2725,2200000.0,0
ýýýýýýýýýýýýýýý ýýýýýý ýýýýýýýýýýýýýýýýýý,0,United States,30400000,17999961915.0,532,5900000.0,0
Boram Tube Vlog [ï¿½ï¿½ï¿½ï¿½ï¿½ï¿½ï¿½ï¿½ï¿,Entertainment,United States,30300000,13546549817.0,223,1100000.0,0
Adele,Music,United Kingdom,30200000,14199108016.0,15,6600000.0,0
Talking Tom,Comedy,United States,30200000,15199330166.0,2,0.0,0
ýýýýýýýý ýýýýýýýý ýýýýýýýýýý | toyoraljanahtv,Entertainment,Jordan,30200000,27684955537.0,3254,5600000.0,0
Frost Diamond,Gaming,0,30100000,7277493940.0,0,0.0,0
Spinnin' Records,Music,Netherlands,30100000,19607009165.0,11501,4800000.0,0
Little Angel: Nursery Rhymes & Kids Songs,Education,United States,30100000,22593193994.0,1349,5200000.0,0
jacksepticeye,Gaming,0,30100000,16246625836.0,5114,1900000.0,0
Shawn Mendes,Music,Canada,30000000,12831200855.0,133,4300000.0,0
ashish chanchlani vines,Comedy,India,29800000,4457913639.0,151,1300000.0,0
Ultra Records,Music,United States,29600000,17208027242.0,4903,3900000.0,0
Popular on YouTube,0,0,29300000,0.0,3,0.05,0
Maluma,Music,Argentina,29300000,21226945136.0,14,0.72,0
Zhong,Entertainment,United States,29200000,14727238483.0,1513,0.0,0
Enaldinho,Comedy,Brazil,29200000,11627437847.0,3654,14500000.0,0
AuronPlay,Comedy,Spain,29200000,4079141673.0,404,582900.0,0
Shorts Break,Comedy,0,29000000,19466238065.0,42,2900.0,0
infobells - Tamil,Education,India,28900000,17930570614.0,555,5300000.0,0
Aditya Music India,Music,0,28500000,25857994495.0,0,0.0,0
The Late Late Show with James Corden,Entertainment,United States,28400000,9956764048.0,5809,1300000.0,0
Aditya Movies,Movies,India,28400000,10062770060.0,5436,10900000.0,0
Masha y el Oso,Film & Animation,0,28300000,13577142726.0,6,0.1,0
infobells - Telugu,Education,India,28300000,14814192034.0,505,13800000.0,0
HUM TV,Entertainment,Pakistan,28300000,23844936965.0,106983,32900000.0,1
Shemaroo Movies,Entertainment,India,28200000,7600740993.0,3009,8900000.0,0
Michael Jackson,Music,United States,28200000,14412474625.0,15,7600000.0,0
Drake,Music,0,28100000,15318895118.0,3,1.0,0
Goldmines Dishoom,Film & Animation,0,28000000,8603468420.0,3878,6200000.0,0
Sandeep Maheshwari,People & Blogs,Singapore,27800000,2303069221.0,0,0.0,0
Bounce Patrol - Kids Songs,Music,Australia,27800000,21037851468.0,292,6100000.0,0
toycantando,Music,Colombia,27700000,15777682516.0,619,8300000.0,0
MrBeast 2,People & Blogs,United States,27500000,4552581106.0,27,0.0,0
Wiz Khalifa,Music,United States,27500000,13379395501.0,682,4300000.0,0
JYP Entertainment,Music,South Korea,27400000,19883150017.0,1753,14800000.0,0
ýýý Kids Roma Show,People & Blogs,United States,27400000,10336420490.0,642,8400000.0,0
DanTDM,Gaming,United Kingdom,27400000,19417887510.0,3664,3800000.0,0
Nick Jr.,Film & Animation,United States,27300000,22440611155.0,5438,2000000.0,0
Crazy XYZ,Entertainment,India,27300000,7705492350.0,1259,4900000.0,0
ToyPuddingTV,Entertainment,0,27100000,15916882228.0,2,0.67,0
Dushyant kukreja,Entertainment,India,27100000,17318452893.0,889,20600000.0,0
Gulshan Kalra,Howto & Style,0,27100000,12732444881.0,545,24100000.0,0
Brent Rivera,Comedy,United States,27000000,6570935979.0,554,6900000.0,0
Renato Garcia YT,Entertainment,Brazil,26900000,7938616641.0,3956,4000000.0,0
Beast Reacts,People & Blogs,United States,26700000,4388047013.0,241,13300000.0,0
enchufetv,Comedy,Colombia,26700000,10317306313.0,975,1200000.0,0
Netflix,Entertainment,United States,26700000,7173668905.0,6471,5700000.0,0
Raffy Tulfo in Action,News & Politics,Philippines,26500000,15065753455.0,10022,7800000.0,0
WORLDSTARHIPHOP,Music,United States,26500000,20358117330.0,6873,4300000.0,0
Goldmines Bollywood,Film & Animation,India,26400000,8595760553.0,3622,4800000.0,0
Alan Chikin Chow,Comedy,United States,26400000,27006526665.0,865,50200000.0,3
PANDA BOI,Entertainment,Italy,26400000,17211600007.0,967,58800000.0,3
BB Ki Vines,Entertainment,India,26300000,4749833967.0,190,828600.0,0
D Billions,0,United States,26200000,31977463002.0,775,23400000.0,3
Junya.ï¿½ï¿½ï¿½ï¿½,Entertainment,Japan,26200000,16097531087.0,5985,34600000.0,3
Smosh,Comedy,United States,26100000,10435474336.0,1619,3300000.0,0
1MILLION Dance Studio,Entertainment,Saudi Arabia,26100000,7886440199.0,0,0.0,0
NichLmao,People & Blogs,0,26000000,14101010609.0,868,29100000.0,0
Beyoncï¿,Music,United States,26000000,17308961985.0,240,2700000.0,0
Marï¿½ï¿½ï¿½ï¿½ï¿½,Music,0,26000000,18597534412.0,1,0.14,0
Indosiar,Music,Indonesia,25900000,11372071889.0,65286,11000000.0,0
VanossGaming,Gaming,Canada,25800000,15541421838.0,1762,2600000.0,0
David Guetta,Music,United States,25700000,17793809548.0,749,7900000.0,0
LosPolinesios,People & Blogs,Mexico,25700000,7466926260.0,982,1500000.0,0
Nicki Minaj,Music,United States,25700000,10242981063.0,42,5000000.0,0
Fede Vigevani,Howto & Style,0,25600000,7962725960.0,0,0.0,0
TaylorSwiftVEVO,Music,United States,25600000,25592378292.0,287,15300000.0,0
ZHC,Film & Animation,0,25500000,2726917087.0,5,0.96,0
Post Malone,Music,United States,25500000,14401218086.0,78,9400000.0,0
Rans Entertainment,People & Blogs,Indonesia,25400000,6430853035.0,3716,2800000.0,0
LankyBox,Comedy,United States,25400000,34300482066.0,8775,39100000.0,3
Coldplay,Music,United Kingdom,25300000,17331663193.0,398,9500000.0,0
Las Ratitas,People & Blogs,0,25200000,9602246828.0,4,0.53,0
WB Kids,People & Blogs,United States,25200000,11081602368.0,2025,6700000.0,0
ABPLIVE,People & Blogs,0,25200000,7968363381.0,12,0.1,0
Chris Brown,Music,0,25200000,15520569496.0,0,0.0,0
The Lallantop,News & Politics,India,25200000,10409352249.0,51129,13100000.0,0
RihannaVEVO,Music,United States,25100000,19458807708.0,118,4500000.0,0
WatchMojo.com,Music,Canada,25100000,16357064198.0,24837,2400000.0,0
TRANS7 OFFICIAL,Entertainment,Indonesia,25000000,14169516119.0,89179,5900000.0,0
Anuel AA,Music,Colombia,25000000,14827085149.0,147,13600000.0,0
Dan Rhodes,Entertainment,United Kingdom,24800000,17387583720.0,1644,15900000.0,0
Yuya,Howto & Style,Mexico,24800000,2588501115.0,672,16100.0,0
America's Got Talent,Entertainment,United States,24800000,3699352704.0,1894,6500000.0,0
mujjuu___14,People & Blogs,0,24800000,14655527943.0,872,19200000.0,0
EminemVEVO,Music,United States,24700000,20531704527.0,104,6700000.0,0
Chloe Ting,Howto & Style,Australia,24700000,2994726412.0,412,1100000.0,0
KatyPerryVEVO,Music,United States,24600000,23755792542.0,175,4300000.0,0
Mark Rober,Science & Technology,United States,24600000,3647987299.0,120,4300000.0,0
1theK (ï¿½ï¿½ï¿½ï¿½ï,Music,South Korea,24500000,23962070944.0,18950,5100000.0,0
Like Nastya AE,Entertainment,United States,24400000,12385924995.0,658,8200000.0,0
Amit Bhadana,Entertainment,0,24300000,2380248899.0,17,0.24,0
Pen Movies,Film & Animation,India,24300000,6608773195.0,1667,4600000.0,0
MrBeast en Espaï¿½ï,Entertainment,Mexico,24200000,2700914170.0,67,1600000.0,0
shfa show India,0,United Arab Emirates,24200000,15724160183.0,469,7300000.0,0
Super JoJo - Nursery Rhymes & Kids Songs,0,United States,24100000,329774870.0,36,15800000.0,0
Alejo Igoa,Comedy,Argentina,24100000,10999000479.0,802,19300000.0,0
Daniel LaBelle,Comedy,0,24100000,12916159065.0,287,19100000.0,0
netd mï¿½ï¿,Music,Turkey,24100000,56106087508.0,23491,20400000.0,3
DJ Snake,Music,United States,24100000,8425505919.0,252,3000000.0,0
Diana and Roma ARA,0,United States,24100000,11041261296.0,590,3200000.0,0
KSI,Entertainment,United Kingdom,24100000,6002166932.0,1252,261100.0,0
Spider Slack,Comedy,Brazil,24000000,13943030228.0,901,36500000.0,3
Goldmines Movies,Film & Animation,0,24000000,5652938599.0,3,0.14,0
Preston,Gaming,United States,24000000,8279004442.0,4009,7300000.0,0
James Charles,Entertainment,United States,23900000,4067878931.0,505,2800000.0,0
Collins Key,Entertainment,United States,23900000,6582932625.0,257,520900.0,0
Diana and Roma EN,People & Blogs,United States,23900000,7213499085.0,511,8500000.0,0
Venus Entertainment,Entertainment,0,23800000,5663125358.0,70,1500.0,0
Troom Troom,Howto & Style,United States,23800000,10414479943.0,2425,4700000.0,0
Enrique Iglesias,Music,United States,23800000,17688774915.0,443,5900000.0,0
Ninja,Gaming,United States,23700000,2543809954.0,1732,401700.0,0
FaZe Rug,Gaming,Canada,23700000,7451792132.0,0,0.0,0
Mister Max,People & Blogs,United Kingdom,23700000,15510153803.0,1099,1600000.0,0
That Little Puff,Pets & Animals,United States,23700000,20289689389.0,769,36200000.0,3
NickyJamTV,Music,0,23600000,15901824841.0,392,3700000.0,0
Juan De Dios Pantoja,Entertainment,Mexico,23600000,2135644776.0,226,2200000.0,0
Logan Paul,Entertainment,United States,23600000,5994002464.0,719,518600.0,0
Maya and Mary,Entertainment,United States,23600000,6766461070.0,552,2100000.0,0
Peppa Pig Espaï¿½ï¿½ï¿½ï¿½ï¿½ï¿½ï¿½ï¿½ï¿½,Film & Animation,United Kingdom,23600000,7920637200.0,1251,2600000.0,0
Jelly,Gaming,United Kingdom,23500000,14777034543.0,6066,2000000.0,0
Miss Katy,People & Blogs,United Kingdom,23500000,14696994366.0,1044,2900000.0,0
Tilak,Film & Animation,India,23400000,9465863821.0,6672,17600000.0,0
Valentina Pontes ofc,Film & Animation,Brazil,23400000,7926899136.0,1291,1400000.0,0
Sesame Street,Entertainment,United States,23300000,22471357411.0,3657,6000000.0,0
Happy Lives,Science & Technology,United States,23200000,2634.0,1,0.0,0
Lady Gaga,People & Blogs,United States,23200000,15751661213.0,172,6900000.0,0
Akshay Nagwadiya,Entertainment,0,23200000,7966720147.0,595,15400000.0,0
Wave Music Bhojpuri,Music,India,23100000,12889240875.0,22578,2500000.0,0
GMM GRAMMY OFFICIAL,Music,Thailand,23100000,25579831081.0,15462,6300000.0,0
TED,People & Blogs,United States,23100000,2551113422.0,4445,635800.0,0
unknown boy varun,Music,India,23100000,9299371231.0,456,14600000.0,0
Kids TV - Nursery Rhymes And Baby Songs,Shows,United States,23100000,13151870846.0,3781,6200000.0,0
Tsuriki Show,Entertainment,Germany,23000000,31494513067.0,2905,36300000.0,3
Technical Guruji,Science & Technology,India,23000000,3378047383.0,5041,1100000.0,0
DrossRotzank,Entertainment,Argentina,23000000,6041264489.0,1598,1700000.0,0
White Hill Music,Entertainment,India,23000000,10939966484.0,5718,4500000.0,0
Ultra Movie Parlour,Movies,India,22900000,5320485069.0,1670,0.0,0
Alan Becker,Film & Animation,United States,22900000,5380073627.0,0,0.0,0
toyorbabytv,Music,Jordan,22900000,16298342829.0,1159,8100000.0,0
BabyBus - Canciones Infantiles & Videos para Niï¿½ï,Education,Mexico,22900000,13206471140.0,1251,6600000.0,0
KL BRO Biju Rithvik,Entertainment,0,22800000,17988347989.0,1841,97600000.0,3
Vania Mania Kids,People & Blogs,United States,22700000,10115316784.0,985,7500000.0,0
Like Nastya PRT,Entertainment,0,22700000,11568118121.0,654,4600000.0,0
Sun TV,People & Blogs,India,22600000,20847038152.0,60964,47100000.0,3
Heroindori,Comedy,India,22600000,9223534599.0,495,19200000.0,0
The Chainsmokers,Music,United States,22600000,14231943358.0,180,3900000.0,0
mmoshaya,People & Blogs,Saudi Arabia,22600000,17507060680.0,1189,3500000.0,0
Sia,Music,United States,22600000,13405849040.0,171,4600000.0,0
LeoNata Family,People & Blogs,United States,22600000,27084848152.0,2321,56300000.0,3
Goldmines Cineplex,Film & Animation,India,22500000,2431154438.0,3377,2300000.0,0
Vlad and Niki Arabic,0,United States,22500000,10613701948.0,526,3100000.0,0
SSundee,Gaming,United States,22500000,13835173331.0,3315,8400000.0,0
Paulo Londra,Music,Argentina,22400000,8040036209.0,58,3500000.0,0
Smile Family,People & Blogs,France,22300000,8663830163.0,34,35.0,0
FGTeeV,Gaming,United States,22300000,24059336857.0,1724,6300000.0,0
Kinder Spielzeug Kanal (Kidibli),Entertainment,United States,22200000,11136266461.0,999,6700000.0,0
Charlie Puth,Music,United States,22000000,9924807127.0,157,5400000.0,0
Vlad and Niki ESP,0,United States,22000000,8594440895.0,515,8800000.0,0
Sagawa /ï¿½ï¿½ï¿½,Entertainment,Japan,22000000,18347969186.0,6274,34100000.0,3
Ben Azelart,Film & Animation,United States,21900000,4454917643.0,301,8900000.0,0
Zach Choi ASMR,People & Blogs,United States,21900000,5918314128.0,946,11200000.0,0
Topper Guild,Comedy,United States,21900000,15552070846.0,816,33000000.0,3
Disney Latinoamï¿½ï¿½,Entertainment,Mexico,21900000,20657571751.0,116,227.0,0
Stokes Twins,People & Blogs,United States,21800000,4469711607.0,257,9500000.0,0
National Geographic,Science & Technology,United States,21800000,5614621131.0,10162,2200000.0,0
Dua Lipa,Music,United Kingdom,21800000,11288359365.0,164,6100000.0,0
OneDirectionVEVO,Music,United Kingdom,21800000,12140232004.0,266,2500000.0,0
Rotana,Music,0,21800000,19329351143.0,135,507.0,0
Netflix India,People & Blogs,0,21800000,7780934187.0,1,0.0,0
Sourav Joshi Vlogs,People & Blogs,0,21700000,9392093496.0,1390,12700000.0,0
ZAMZAM ELECTRONICS TRADING,0,United Arab Emirates,21700000,8507818877.0,15126,76700000.0,3
DUDU e CAROL,Autos & Vehicles,Brazil,21600000,9597894786.0,2942,9300000.0,0
Village Cooking Channel,Howto & Style,India,21600000,5863377051.0,219,9300000.0,0
Eva Bravo Play,Entertainment,United States,21600000,9346383505.0,228,3100000.0,0
Tekashi 6ix9ine,People & Blogs,United States,21500000,5890180734.0,51,5400000.0,0
Tlnovelas,News & Politics,Mexico,21500000,15013096899.0,158,742.0,0
SMOL,People & Blogs,0,21500000,22065582014.0,6,0.14,0
invictor,Gaming,Chile,21500000,8409641722.0,17,2.0,0
YOLO,Comedy,Germany,21400000,1573058816.0,0,0.0,0
Sidhu Moose Wala,Music,India,21400000,6264261757.0,114,7700000.0,0
The Royalty Family,People & Blogs,United States,21300000,6269945014.0,733,7700000.0,0
Becky G,Music,United States,21300000,10644857969.0,78,5000000.0,0
Ishaan Ali 11,People & Blogs,India,21300000,12761253839.0,951,35000000.0,3
Infinite,Entertainment,United States,21300000,5141834668.0,1608,3300000.0,0
Azhan5star,Entertainment,India,21300000,10047736580.0,669,11300000.0,0
Dangal TV Channel,Entertainment,India,21300000,12895427184.0,20225,26900000.0,0
Khan GS Research Centre,Education,0,21200000,2073073070.0,1,0.0,0
GMA Public  Affairs,Entertainment,Philippines,21200000,11364908616.0,31989,6800000.0,0
Tasty,Howto & Style,United States,21100000,5783557209.0,4728,1200000.0,0
Baim Paula,People & Blogs,Indonesia,21100000,4526271677.0,2325,1300000.0,0
nigahiga,Entertainment,United States,21000000,4380564906.0,403,118900.0,0
Rafa & Luiz,Entertainment,Brazil,21000000,7762905663.0,2883,5700000.0,0
Lyrical Lemonade,Entertainment,United States,21000000,10631638628.0,420,3800000.0,0
Vlad and Niki IDN,0,United States,21000000,9789121606.0,498,6400000.0,0
Dr. Vivek Bindra: Motivational Speaker,Education,India,20900000,1693149479.0,896,1400000.0,0
Fatos Desconhecidos,Entertainment,Brazil,20900000,3828000587.0,6262,2500000.0,0
Brave Wilderness,Pets & Animals,United States,20900000,4927879069.0,982,0.0,0
LIV Crime,People & Blogs,United States,20900000,11058049885.0,9850,18400000.0,0
Minecraft - Topic,0,0,20900000,0.0,0,0.0,0
Romeo Santos,Music,United States,20900000,17324976752.0,6,5.0,0
Canal Canalha,Comedy,Brazil,20800000,1870608170.0,288,1100000.0,0
Kurzgesagt ï¿½ï¿½ï¿½ï¿½ï¿½ï¿,Education,Germany,20800000,2378448129.0,193,1400000.0,0
Yoeslan,Entertainment,United States,20700000,17963202261.0,619,42000000.0,3
5-Minute Crafts DIY,Howto & Style,United States,20700000,5091618606.0,5062,960600.0,0
Zach King,Entertainment,0,20700000,5410164682.0,6,6.0,0
tuzelity SHUFFLE,People & Blogs,Russia,20700000,8658941531.0,889,26500000.0,0
NBA,Sports,United States,20700000,12624879732.0,47926,3500000.0,0
Deddy Corbuzier,Entertainment,Indonesia,20600000,4956090094.0,15,4.0,0
Bizarrap,Comedy,Argentina,20600000,7657171980.0,83,9300000.0,0
Avicii,Music,Sweden,20600000,10292874715.0,156,3900000.0,0
Mnet K-POP,Entertainment,South Korea,20500000,15038593883.0,33229,7600000.0,0
LazarBeam,Gaming,Australia,20500000,8768697257.0,1323,1300000.0,0
Ninja Kidz TV,Entertainment,United States,20500000,11009148579.0,296,9400000.0,0
Totoy kids - Portuguï¿½,Film & Animation,Brazil,20400000,1796227417.0,206,1900000.0,0
Jake Paul,People & Blogs,United States,20400000,7311322368.0,1006,703000.0,0
Linkin Park,Music,Afghanistan,20400000,13397000296.0,0,0.0,0
Vijay Television,Entertainment,India,20400000,29406206620.0,51515,43600000.0,3
SlivkiShow,Entertainment,Ukraine,20400000,4707412332.0,462,1400000.0,0
Emiway Bantai,Music,India,20400000,3579555124.0,239,2000000.0,0
Got Talent Global,Entertainment,United Kingdom,20300000,2441288701.0,1245,4100000.0,0
ýýýýýýýýýýýýýýý - Genevieve's Playhouse,Education,0,20300000,11022391339.0,107,3400000.0,0
BabyBus - Cerita & Lagu Anak-anak,Education,Indonesia,20300000,11819051552.0,875,5400000.0,0
Ami Rodriguez,Entertainment,Colombia,20200000,2951914200.0,460,12700000.0,0
Noor Stars,Comedy,United Arab Emirates,20200000,2764127969.0,693,746700.0,0
Family GamesTV,Entertainment,0,20200000,7066711323.0,0,0.0,0
Kiddiestv Hindi - Nursery Rhymes & Kids Songs,Education,India,20200000,7274150246.0,226,5400000.0,0
dednahype,Comedy,Latvia,20200000,20919403720.0,1935,59800000.0,3
Marta and Rustam,Comedy,United States,20200000,19694265358.0,761,21700000.0,0
MiawAug,Gaming,Indonesia,20200000,6098644584.0,3713,3100000.0,0
CookieSwirlC,Entertainment,United States,20100000,23353115850.0,3774,10600000.0,0
Skrillex,Music,United States,20100000,6618524158.0,241,1200000.0,0
AuthenticGames,Gaming,Brazil,20100000,8920141342.0,4974,260200.0,0
Robin Hood Gamer,Entertainment,0,20100000,10366850490.0,0,0.0,0
Pencilmation,Film & Animation,United States,20100000,11317309935.0,1481,713400.0,0
7clouds,Music,United States,20100000,14816075927.0,2384,13300000.0,0
5-Minute Crafts PLAY,Howto & Style,United States,20100000,6119294270.0,5491,5100000.0,0
Marvel Entertainment,Entertainment,United States,20100000,5634695322.0,1,3.0,0
BuzzFeedVideo,People & Blogs,United States,20100000,17913237851.0,7737,437400.0,0
REACT,Entertainment,United States,20000000,13154314376.0,4339,1100000.0,0
Vevo,Music,United States,20000000,559765455.0,1527,63900.0,0
Gordon Ramsay,Entertainment,United Kingdom,20000000,3875172235.0,1527,1900000.0,0
Pentatonix,Music,Canada,20000000,6033295543.0,1,0.0,0
Green Gold TV - Official Channel,Film & Animation,India,20000000,9715291883.0,1476,0.0,0
Gusttavo Lima Oficial,Music,Brazil,19900000,13917423958.0,416,10300000.0,0
HaerteTest,Science & Technology,Germany,19800000,3234880084.0,1411,271200.0,0
Crafty Panda,People & Blogs,United States,19800000,5759442450.0,760,294600.0,0
SOMOY TV,News & Politics,United States,19800000,12293479945.0,9930,779.0,0
JennaMarbles,Comedy,United States,19700000,1803249241.0,250,180900.0,0
Troom Troom Es,People & Blogs,0,19700000,7452667615.0,2912,1400000.0,0
Official Pink Panther,Film & Animation,United States,19700000,10955619815.0,1,0.0,0
Britain's Got Talent,Entertainment,United Kingdom,19700000,11323617496.0,4225,2600000.0,0
SCTV,Entertainment,United Kingdom,19700000,9808676159.0,267,16.0,0
AS Gaming,Gaming,United States,19600000,2851024430.0,17,1.0,0
Sony AATH,Shows,United States,19600000,13930021471.0,18661,13200000.0,0
tabii Urdu,Entertainment,Turkey,19600000,8779729549.0,1306,5300000.0,0
DaFuq!?Boom!,Film & Animation,United States,19600000,7906181776.0,214,110600000.0,3
Clash of Clans,Gaming,United States,19600000,3961318438.0,674,1100000.0,0
RKD Studios,Entertainment,India,19500000,5234251168.0,847,0.0,0
DLS News,News & Politics,India,19400000,2255542592.0,4750,1500000.0,0
JukiLop,People & Blogs,Mexico,19400000,1577859332.0,85,114300.0,0
etvteluguindia,Entertainment,India,19400000,23038014291.0,125974,13100000.0,1
FIFA,Sports,Switzerland,19400000,5529131886.0,10728,2800000.0,0
Manoj  parihar,0,India,19300000,264228052.0,335,1800000.0,0
Vsauce,Science & Technology,0,19300000,2897907132.0,462,3300000.0,0
Unbox Therapy,Science & Technology,0,19300000,4508184467.0,2175,802500.0,0
shane,People & Blogs,United States,19200000,4329121104.0,570,131100.0,0
Sonotek,Entertainment,India,19200000,7590582024.0,8285,1400000.0,0
Jimmy Kimmel Live,Entertainment,United States,19100000,13124645973.0,6526,827600.0,0
TheOdd1sOut,Comedy,United States,19100000,4566120190.0,139,1500000.0,0
Goldmines Great Indian Comedy,Film & Animation,0,19100000,5194942269.0,2948,3200000.0,0
Lil Nas X,Music,0,19100000,6339584661.0,37,2200000.0,0
ýýýýýýýýýýýýýý ýýýý,Education,United States,19000000,4924054368.0,60,1000000.0,0
SUPER SLICK SLIME SAM,Howto & Style,Mexico,19000000,7229175322.0,903,5900000.0,0
Wow Kidz Action,Film & Animation,India,19000000,8281724393.0,1525,5100000.0,0
Turma da Mï¿½ï¿½,Film & Animation,Brazil,19000000,13824277846.0,1154,3700000.0,0
Calvin Harris,Music,United Kingdom,19000000,16014044618.0,79,4900000.0,0
KBS WORLD TV,Entertainment,South Korea,19000000,15126092508.0,64496,5200000.0,0
HiMan,People & Blogs,Russia,18900000,2855519150.0,375,1200000.0,0
Masha e o Urso,Shows,0,18900000,8301731337.0,0,0.0,0
Little Angel Espaï¿½ï¿½ï¿½ï¿½ï¿½ï¿½ï¿½ï¿½ï¿½,Education,Mexico,18900000,9813245108.0,719,6700000.0,0
TED-Ed,Education,United States,18800000,3654621568.0,2072,1400000.0,0
Sidemen,Entertainment,United Kingdom,18800000,5257834105.0,312,3800000.0,0
Cardi B,People & Blogs,0,18800000,7634430188.0,9,0.34,0
Busy Fun Ltd,0,0,18800000,7762077012.0,2,0.0,0
Farruko,Music,United States,18800000,9573641299.0,217,4700000.0,0
ýýýýýýýýýýýýýýýýýýýýýý,Entertainment,Ukraine,18800000,9594188708.0,530,3300000.0,0
Triggered Insaan,Comedy,India,18800000,3276891538.0,304,5200000.0,0
CKN,Entertainment,Spain,18700000,12295637162.0,16,5.0,0
Ali-A,Gaming,0,18700000,6148303268.0,2,0.05,0
Shemaroo Comedy,Entertainment,India,18600000,6047584292.0,4487,4900000.0,0
Smile Family Spanish,0,United States,18600000,7008250496.0,457,2100000.0,0
GRAMMY GOLD OFFICIAL,Music,Thailand,18600000,20196704276.0,6287,8100000.0,0
ýýýýýýýý ýýýýýýýýýý ýýýýýýýýýý | Arab Games Network,Gaming,Saudi Arabia,18600000,8761255550.0,6289,2100000.0,0
Dan-Sa / Daniel Saboya,Music,Brazil,18500000,2908120896.0,1329,0.0,0
Marmok,Gaming,Russia,18500000,3457618361.0,374,1800000.0,0
The ACE Family,People & Blogs,0,18500000,4558380251.0,712,136100.0,0
Like Nastya Vlog,People & Blogs,Russia,18500000,8147575884.0,493,2300000.0,0
Willie Salim,People & Blogs,Indonesia,18500000,4051072188.0,679,9500000.0,0
PDK Films,Entertainment,United States,18400000,4120324310.0,111,692600.0,0
TheWillyrex,Comedy,Spain,18400000,7038827526.0,6943,528200.0,0
RsiamMusic : ï¿½ï¿½ï¿½ï¿½ï¿½ï¿½ï¿½ï¿½,Music,Thailand,18400000,11544297793.0,3159,2600000.0,0
Dhar Mann,People & Blogs,0,18400000,11280732382.0,0,0.0,0
shakiraVEVO,Music,United States,18400000,25367126292.0,197,12800000.0,0
Naisa Alifia Yuriza (N.A.Y),People & Blogs,Indonesia,18300000,1606834186.0,786,819000.0,0
Miley Cyrus,Entertainment,United States,18300000,7760819588.0,142,6100000.0,0
IShowSpeed,Gaming,United States,18300000,1556003039.0,1324,6700000.0,0
Good Mythical Morning,Entertainment,0,18300000,8798044678.0,0,0.0,0
Bobby chourasiya,People & Blogs,0,18200000,9937823152.0,442,22500000.0,0
INCRï¿½ï¿,People & Blogs,Brazil,18200000,3213324455.0,6903,866200.0,0
Jake Fellman,Entertainment,United States,18100000,13378360425.0,420,23900000.0,0
GEN HALILINTAR,Entertainment,Indonesia,18100000,3306242674.0,1037,1300000.0,0
SQUEEZIE,Gaming,France,18100000,9983065083.0,1521,2300000.0,0
Blippi - Educational Videos for Kids,Education,United States,18100000,14857290259.0,707,8700000.0,0
officialpsy,Music,South Korea,18100000,10703830496.0,131,3100000.0,0
Ajay Sharma,Entertainment,0,18100000,12249828886.0,0,0.0,0
Manual do Mundo,Howto & Style,Brazil,18000000,3980991248.0,2470,2600000.0,0
How Ridiculous,Sports,Australia,18000000,9601137077.0,650,18800000.0,0
And TV,Entertainment,United States,18000000,15412333005.0,45,0.19,0
Sebastiï¿½ï¿½ï¿½,News & Politics,United States,18000000,10463166404.0,237,5300000.0,0
SonyMusicSouthVEVO,Music,United States,18000000,17921124985.0,5692,12400000.0,0
TheGrefg,Gaming,Spain,18000000,6404852037.0,3566,2100000.0,0
BeatboxJCOP,Film & Animation,0,18000000,8716982055.0,748,66000000.0,3
David Dobrik,People & Blogs,United States,17900000,7176572299.0,536,415200.0,0
KatieAngel,People & Blogs,United States,17900000,3841205465.0,982,2500000.0,0
RobleisIUTU,Entertainment,Argentina,17900000,5168721499.0,1344,1300000.0,0
Lele Pons,Comedy,United States,17900000,5244917119.0,185,890300.0,0
Demi Lovato,Music,United States,17900000,6888074944.0,314,1400000.0,0
Like Nastya VNM,Entertainment,Vietnam,17900000,9867515979.0,602,4100000.0,0
Jason Derulo,Music,United States,17900000,9887116267.0,830,21500000.0,0
MGC Playhouse,Shows,United States,17900000,16174530046.0,1426,4900000.0,0
Zuni and Family,People & Blogs,0,17900000,6746269458.0,2,0.19,0
Priyal Kukreja,People & Blogs,India,17800000,11057945183.0,772,20700000.0,0
MSA previously My Story Animated,Film & Animation,United States,17800000,8588704539.0,26,994.0,0
ýýýýýýýýý KIMPRO,0,South Korea,17700000,19206701832.0,1646,163400000.0,3
Jane ASMR ï¿½ï¿½,0,South Korea,17700000,7387621644.0,1888,0.0,0
ArianaGrandeVevo,Music,United States,17700000,20115544708.0,178,4700000.0,0
jaanvi patel,People & Blogs,India,17700000,7912733203.0,512,16600000.0,0
tanboy kun,People & Blogs,Indonesia,17700000,3647267655.0,739,2300000.0,0
Lil Pump,Music,0,17700000,4196061192.0,60,0.0,0
Porta dos Fundos,Entertainment,Brazil,17700000,7739048000.0,2240,1700000.0,0
News 24,News & Politics,Ukraine,17700000,8396875537.0,211620,17800000.0,1
Les' Copaque Production,Film & Animation,Malaysia,17700000,9059696049.0,1716,5700000.0,0
El Payaso Plim Plim,Film & Animation,Argentina,17700000,17247584185.0,1316,30700000.0,0
zbing z.,Gaming,Thailand,17600000,9269174070.0,3151,2600000.0,0
MissaSinfonia,Comedy,Mexico,17600000,2274007523.0,233,1300000.0,0
ýýýýýýýýý Liziqi,Howto & Style,China,17600000,2977741577.0,128,1100000.0,0
The Game Theorists,Gaming,Australia,17600000,3752347262.0,0,0.0,0
DeGoBooM,Gaming,Chile,17600000,6306204566.0,4702,4800000.0,0
JFlaMusic,Music,South Korea,17600000,3802280098.0,326,532700.0,0
FactTechz,Entertainment,India,17500000,2238134438.0,709,1000000.0,0
News18 India,News & Politics,India,17500000,7263619576.0,182742,18900000.0,1
Fun For Kids TV - Hindi Rhymes,Entertainment,India,17500000,7612385622.0,149,5300000.0,0
IGN,Gaming,United States,17500000,16107116549.0,156215,4700000.0,1
Aphmau,Gaming,United States,17400000,17763586483.0,4411,21100000.0,0
AMARINTV : ï¿½ï¿½ï¿½ï¿½ï¿½ï¿½ï¿½ï¿½ï¿½ï¿½ï¿½ï¿½,Entertainment,Thailand,17400000,13043561912.0,118448,11300000.0,1
ýýýýýýýýýýýýýýýý - Al-Remas,Music,Iraq,17400000,11144195464.0,2133,5400000.0,0
Koray Zeynep,People & Blogs,0,17400000,16560557488.0,2078,20500000.0,0
Apple,Science & Technology,United States,17300000,1026425106.0,180,2200000.0,0
Stubborn Facts,Film & Animation,India,17300000,902225615.0,287,40200.0,0
Taarak Mehta Ka Ooltah Chashmah,Entertainment,India,17300000,11371738047.0,4778,15900000.0,0
HowToBasic,Howto & Style,Australia,17300000,3684816159.0,582,745200.0,0
PopularMMOs,Gaming,0,17200000,14573155899.0,4685,734200.0,0
Marques Brownlee,Science & Technology,United States,17200000,3606912471.0,1567,2500000.0,0
Anitta,Music,Brazil,17200000,7337212581.0,138,3500000.0,0
Jason Vlogs,Education,Australia,17200000,8903647480.0,83,1.0,0
El Reino a Jugar,Education,Argentina,17200000,11445492404.0,1007,4000000.0,0
Willyrex,Gaming,Spain,17200000,5024088947.0,7550,739500.0,0
TheBrianMaps,Comedy,Russia,17100000,4448334716.0,498,1800000.0,0
TRANS TV Official,Entertainment,Indonesia,17100000,9710962528.0,148225,2200000.0,1
Liza Koshy,Comedy,United States,17100000,2173106162.0,142,84500.0,0
Queen Official,Music,United Kingdom,17000000,10847948832.0,1015,4500000.0,0
Prajapati News,Comedy,India,17000000,1001465469.0,1407,366100.0,0
Gaby and Alex,Entertainment,0,17000000,8229883114.0,1,0.0,0
LuisFonsiVEVO,Music,United States,17000000,14543594822.0,97,2400000.0,0
Pop Chartbusters,Music,India,16900000,8684010451.0,2235,3500000.0,0
Guava Juice,Gaming,United States,16900000,9111000228.0,1910,522600.0,0
EeOneGuy,Entertainment,United States,16900000,3827906874.0,366,78500.0,0
VICE,Entertainment,United States,16900000,4609753237.0,3900,1700000.0,0
Aayu and Pihu Show,Comedy,India,16900000,9270331567.0,441,4300000.0,0
Danny Fitt,People & Blogs,United States,16900000,9544277833.0,2337,13200000.0,0
Bispo Bruno Leonardo,Nonprofits & Activism,Brazil,16900000,3523578665.0,4891,7200000.0,0
DeToxoMoroxo,Entertainment,0,16800000,2315962318.0,1,0.0,0
Doggy Doggy Cartoons,Entertainment,0,16800000,6518418501.0,0,0.0,0
deepesh zo,People & Blogs,0,16800000,7206462713.0,41,0.05,0
Like Nastya IDN,Entertainment,Indonesia,16800000,7195314800.0,502,2100000.0,0
Gato Galactico | GALï¿½ï¿,Film & Animation,Brazil,16800000,3693798804.0,1491,2100000.0,0
Salman Noman,Entertainment,0,16700000,10393037902.0,3,0.34,0
CoryxKenshin,Gaming,United States,16700000,7102965621.0,1693,5000000.0,0
With Kids[ï¿½ï¿½ï¿½ï¿½ï,Entertainment,United States,16700000,8826138204.0,920,2200000.0,0
Travis Scott,Music,United States,16700000,7979736581.0,13,1800.0,0
Tu COSMOPOLIS,People & Blogs,Mexico,16700000,5089284369.0,8741,774700.0,0
Ivana Alawi,0,Philippines,16600000,1318442641.0,180,723800.0,0
Werever2morro,Entertainment,Mexico,16600000,2798273962.0,0,0.0,0
IDEAS EN 5 MINUTOS,Howto & Style,Spain,16600000,3696973456.0,216,3100.0,0
NMF News,News & Politics,India,16600000,7435180827.0,112261,2800000.0,1
SriBalajiMovies,Entertainment,India,16600000,9439857193.0,20102,7400000.0,0
Lahari Music - TSeries,Music,India,16600000,11946217860.0,8976,4300000.0,0
Younes Zarou,Entertainment,Germany,16600000,15278668857.0,2200,29600000.0,0
Jordan Matter,Entertainment,United States,16600000,5819508534.0,413,9600000.0,0
ýýýýýýýý ýýýýýýýýýýýýýýýýýýýýýý,Entertainment,United States,16500000,2440934034.0,421,1100000.0,0
FailArmy,Comedy,United States,16500000,3037260680.0,438,5400000.0,0
BBC News Hindi,News & Politics,India,16500000,7043235131.0,21243,6300000.0,0
FunFun Toy Doll TV,Entertainment,United States,16500000,7406207930.0,735,1200000.0,0
Sandra Cires Art,Howto & Style,United States,16400000,3955426159.0,1091,865300.0,0
Kaykai Salaider,Comedy,Thailand,16400000,4434679706.0,428,448400.0,0
UFC - Ultimate Fighting Championship,Sports,United States,16400000,7135820721.0,14662,6400000.0,0
Ch7HD,Entertainment,Thailand,16400000,9463244435.0,56203,4200000.0,0
RCTI - LAYAR DRAMA INDONESIA,Entertainment,0,16400000,13478392540.0,1,0.0,0
Alfredo Larin,Entertainment,0,16400000,14431830557.0,1,0.05,0
GMMTV OFFICIALï¿½ï¿½,Entertainment,Thailand,16400000,12844432341.0,23952,8700000.0,0
Matt Stonie,Entertainment,United States,16300000,3527627264.0,54,1400.0,0
Boyce Avenue,Music,United States,16300000,6578828147.0,490,1400000.0,0
Camila Cabello,Music,United States,16300000,6613422635.0,80,2000000.0,0
Little Mix,Music,United Kingdom,16300000,7520242626.0,278,1900000.0,0
SAM SMITH,Music,United Kingdom,16300000,10170264839.0,230,4100000.0,0
Pitbull,Music,United States,16300000,12475714382.0,352,4200000.0,0
Bollywood Classics,Entertainment,India,16300000,7141825267.0,1444,7300000.0,0
Technoblade,Gaming,United States,16300000,1656452554.0,989,861300.0,0
W2S,Gaming,United Kingdom,16300000,4768370464.0,652,147800.0,0
Jennifer Lopez,Music,United States,16200000,10227242833.0,258,3000000.0,0
Kids Play,Entertainment,United States,16200000,8091706232.0,593,1200000.0,0
T3ddy,Comedy,Brazil,16200000,2990185467.0,1930,1600000.0,0
JJ Olatunji,Gaming,United Kingdom,16200000,4076692623.0,1294,1300000.0,0
POPS Kids,Music,Vietnam,16200000,9763592867.0,3943,12300000.0,0
Thairath Online,News & Politics,Thailand,16200000,14563841315.0,244899,10800000.0,1
LEGO,Entertainment,Singapore,16200000,20522339099.0,31889,5600000.0,0
XO TEAM,People & Blogs,United States,16200000,14784781923.0,189,1800.0,0
AdMe,Entertainment,Spain,16200000,4488680903.0,10,0.19,0
ExtraPolinesios,People & Blogs,0,16200000,4813127504.0,2,24.0,0
Dyland PROS,Entertainment,Indonesia,16100000,1517638132.0,2805,461700.0,0
Live,0,0,16100000,0.0,0,0.0,0
Vlad and Niki ARA,0,United States,16100000,7399296005.0,510,1500000.0,0
Canal IN,People & Blogs,Brazil,16100000,2687443643.0,723,662500.0,0
TWICE,Music,0,16100000,5055576881.0,1123,4700000.0,0
Daily Dose Of Internet,Entertainment,United States,16100000,6872702790.0,671,19200000.0,0
FitDance,Music,France,16100000,7126210721.0,41,37.0,0
Panda Shorts,0,Sweden,16100000,7155736006.0,667,23000000.0,0
Disney Junior,Entertainment,United States,16100000,15812009296.0,4045,12800000.0,0
La Rosa de Guadalupe,Entertainment,Mexico,16100000,9642146451.0,0,0.0,0
sagar kalra (Shorts),People & Blogs,0,16000000,6543629679.0,453,3600000.0,0
wifistudy,Education,India,16000000,3018032423.0,52144,685800.0,0
Antrax,Gaming,Mexico,16000000,3029872908.0,687,225500.0,0
Enes Batur,Gaming,0,16000000,9786595271.0,0,0.0,0
Totoy kids - Espaï¿½ï,Film & Animation,Mexico,16000000,5997599089.0,344,5400000.0,0
ýýýýýýýýýý,People & Blogs,Russia,15900000,1845329502.0,0,0.0,0
DopeLyrics,Music,United States,15900000,9962188084.0,2035,475900.0,0
jeffreestar,Howto & Style,United States,15900000,2609358468.0,433,96300.0,0
Lyna,Gaming,Argentina,15900000,6534326412.0,4906,3100000.0,0
MK MUSIC,Music,Brazil,15900000,9198986881.0,5105,6500000.0,0
Unspeakable,Gaming,United States,15900000,9052367553.0,796,7900000.0,0
Camilo,Music,Colombia,15900000,6802382479.0,132,2900000.0,0
Dear Sir,Education,India,15800000,1349288771.0,633,1200000.0,0
Narendra Modi,News & Politics,India,15800000,3392918989.0,20679,8900000.0,0
Arif muhammad,People & Blogs,Indonesia,15800000,4122634467.0,542,3400000.0,0
Rotten Tomatoes Trailers,Film & Animation,United States,15800000,13116313599.0,10441,1200000.0,0
Volga Video,Film & Animation,India,15700000,9787697838.0,16874,2500000.0,0
DM - Desi Melodies,Music,India,15700000,5914071870.0,79,6800000.0,0
MY FAMILY,0,Singapore,15700000,6153495609.0,150,45100.0,0
Team Films Bhojpuri,Music,India,15700000,6626563508.0,19703,1500000.0,0
Zee Music Classic,Music,India,15700000,5558051295.0,1640,4100000.0,0
Prime Video India,Entertainment,United States,15700000,8696631898.0,7090,16100000.0,0
Caeli YT,Entertainment,Mexico,15600000,1511794214.0,483,0.0,0
Kuplinov ï¿½ï¿½ï¿,Gaming,0,15600000,6862529416.0,6623,4700000.0,0
Linus Tech Tips,Science & Technology,Canada,15600000,7172386509.0,6542,4200000.0,0
Juliana Baltar,Entertainment,Brazil,15600000,3869457097.0,2019,2700000.0,0
5-Minute Crafts FAMILY,People & Blogs,United States,15600000,6165757696.0,4245,1300000.0,0
Blippi Espaï¿½ï,People & Blogs,Mexico,15500000,8984089026.0,598,4300000.0,0
Super Senya,Entertainment,0,15500000,5070970714.0,0,0.0,0
Katakit Baby TV,Music,Saudi Arabia,15500000,6386271870.0,220,4400000.0,0
Infobells Bangla,Education,India,15500000,7776706184.0,359,8100000.0,0
ýýýýýýýý ýý ýýýýýýýý,Shows,Saudi Arabia,15500000,8265129639.0,1021,6500000.0,0
Henrique e Juliano,Music,Brazil,15500000,14619523361.0,325,7900000.0,0
Mr DegrEE,Science & Technology,United States,15500000,12880388253.0,0,0.0,0
Kashvi Adlakha,Entertainment,India,15500000,12714141740.0,1525,6700000.0,0
Talking Tom & Friends,Entertainment,United States,15500000,6396049701.0,417,1300000.0,0
ýýýýýýýý ýýýýýýýýýýýýýý ýýýý 5 ýýýýýýýýýý,Howto & Style,Egypt,15500000,4499826716.0,5183,1600000.0,0
Harsh Beniwal,Comedy,India,15400000,1781226000.0,165,1300000.0,0
FFUNTV,Gaming,United Arab Emirates,15400000,11513738907.0,379,3800000.0,0
Mobile Legends: Bang Bang,Gaming,United States,15400000,1543608082.0,1647,2700000.0,0
Roman Atwood Vlogs,People & Blogs,United States,15400000,5469103954.0,1756,76000.0,0
Mrwhosetheboss,Science & Technology,United Kingdom,15400000,3736069980.0,1577,8000000.0,0
Genierock,Music,Thailand,15400000,14564170905.0,1725,4000000.0,0
zayn,Music,United States,15400000,4909687948.0,21,1800000.0,0
Kerajinan 5-Menit,People & Blogs,Indonesia,15400000,4750420071.0,4186,947500.0,0
FC Barcelona,Sports,Spain,15300000,2656528205.0,10988,4100000.0,0
Dave and Ava - Nursery Rhymes and Baby Songs,Education,United States,15300000,10714145606.0,851,3700000.0,0
LOKESH GAMER,Gaming,India,15300000,1640078055.0,1397,284200.0,0
ILYA BORZOV,People & Blogs,Russia,15300000,9938811455.0,2175,22800000.0,0
Mazhavil Manorama,Entertainment,India,15300000,16545966132.0,87864,17400000.0,0
Pokï¿½ï¿½ï¿½ï¿½ï¿½ï¿½ï¿½ï¿½ï¿½,People & Blogs,India,15200000,857725714.0,194,3100000.0,0
The MriDul,Comedy,India,15200000,4503880875.0,106,4700000.0,0
Niana Guerrero,Entertainment,Philippines,15200000,1491452935.0,443,479000.0,0
SRK MUSIC,Music,India,15200000,6391679636.0,5056,2800000.0,0
Sony LIV,Entertainment,India,15200000,7151683497.0,11099,10100000.0,0
T-Series Hamaar Bhojpuri,Entertainment,India,15200000,7564652648.0,9862,5100000.0,0
Oyuncak Avï¿,Entertainment,Turkey,15200000,8333387785.0,654,212500.0,0
CNN,News & Politics,United States,15200000,14198154095.0,160405,9000000.0,1
NDTV India,News & Politics,India,15200000,6624168155.0,91704,2400000.0,0
It's Mamix,People & Blogs,United States,15100000,1777072487.0,210,767200.0,0
Kim Loaiza,Music,0,15100000,1576633086.0,18,1300000.0,0
Daftar Populer,Education,Indonesia,15100000,2143140898.0,3810,827100.0,0
Musas,Howto & Style,Andorra,15100000,2400037562.0,159,4.0,0
Ranz Kyle,People & Blogs,Philippines,15100000,1760131384.0,533,594000.0,0
PowerfulJRE,People & Blogs,United States,15100000,3060202847.0,1037,2100000.0,0
Mariale,Howto & Style,United States,15100000,2761547758.0,2618,573900.0,0
Makiman131,Gaming,Spain,15100000,4236036141.0,2997,286600.0,0
Hongyu ASMR ï¿½ï¿½,People & Blogs,0,15100000,4967784343.0,1,0.0,0
Mohamed Ramadan I ï¿½ï¿½ï¿½ï¿½ï¿½ï¿½ï,People & Blogs,Egypt,15100000,5324913850.0,753,2200000.0,0
EdisonPts,Gaming,Russia,15100000,6668507856.0,3733,4600000.0,0
BIGBANG,Music,South Korea,15100000,7857371770.0,776,2000000.0,0
Rubï¿½ï¿½ï¿½ï¿½ï¿½ï¿½,Comedy,Argentina,15100000,9477021288.0,921,24600000.0,0
ABS-CBN News,News & Politics,Philippines,15100000,10489367372.0,209520,8700000.0,1
Chapitosiki,Entertainment,Russia,15100000,13897932103.0,2717,34200000.0,0
AdeleVEVO,Music,United Kingdom,15100000,12413869881.0,52,4100000.0,0
MoreAliA,Gaming,United Kingdom,15000000,4352427049.0,2324,12000000.0,0
Chetan Monga Vlogs,People & Blogs,India,15000000,9924103188.0,899,5500000.0,0
Little Angel - Mï¿½ï¿½ï¿½ï¿½ï¿½ï¿½ï¿½ï¿½ï¿½ï¿½,Entertainment,Brazil,15000000,8897705695.0,795,7000000.0,0
League of Legends,Gaming,United States,15000000,7159750970.0,1362,2100000.0,0
TheRichest,Education,United States,15000000,2730879024.0,0,0.0,0
XpressTV,Entertainment,Mexico,15000000,4008801873.0,724,1600000.0,0
PlayStation,Gaming,United States,15000000,4741434420.0,20292,2000000.0,0
Kwebbelkop,Gaming,United States,15000000,6889304306.0,5198,1400000.0,0
Republic Bharat,News & Politics,India,15000000,7536093065.0,206,48.0,0
THE BROWN SIBLINGS,Entertainment,India,15000000,8658553456.0,965,4900000.0,0
Sony Music South,Music,India,15000000,9978734160.0,2726,11600000.0,0
BigSchool,Gaming,0,15000000,9996133066.0,68,0.0,0
Ray William Johnson,Entertainment,United States,15000000,10239836582.0,1803,15000000.0,0
KOMPASTV,News & Politics,Indonesia,15000000,11827310821.0,269050,5400000.0,1
ISSEI / ï¿½ï¿½ï¿½ï¿½,Comedy,Japan,15000000,13562853889.0,1788,13600000.0,0
Zï¿½ï¿½ï¿½ï¿½ï¿½ï¿½ï,Music,Brazil,15000000,11506702632.0,340,8800000.0,0
A2 Motivation by Arvind Arora,Entertainment,India,15000000,8932038210.0,3168,6300000.0,0
50 Cent,Music,United States,14900000,10069000444.0,419,5800000.0,0
MNCTV OFFICIAL,Entertainment,Indonesia,14900000,8074260978.0,66362,2100000.0,0
ERB,Entertainment,United States,14900000,4033400167.0,86,530100.0,0
melanie martinez,Music,United States,14900000,4395184343.0,127,2700000.0,0
iTownGamePlay *Terror&Diversiï¿½ï,Entertainment,Spain,14900000,4977284539.0,8420,665200.0,0
ýýýýýýýýýýýý8 : Thai Ch8,Entertainment,Thailand,14900000,5549770244.0,27944,2400000.0,0
ZutiGang,People & Blogs,0,14900000,15913320995.0,1363,16600000.0,0
ýýýýýý,People & Blogs,Russia,14900000,439098.0,1,369.0,0
TazerCraft,Gaming,Brazil,14900000,5956193599.0,4175,1900000.0,0
Bayashi TV,Entertainment,Japan,14900000,8615618825.0,93,119.0,0
Fueled By Ramen,Music,United States,14800000,13356517783.0,1210,2900000.0,0
CrashCourse,Education,United States,14800000,1833519700.0,1481,344500.0,0
MattyBRaps,Music,United States,14800000,3587576784.0,195,1100000.0,0
Lachlan,Gaming,Australia,14800000,5269059435.0,3834,1000000.0,0
ýýýýýýýý ýýýýýýýý,Howto & Style,Ukraine,14800000,7018015062.0,2387,2300000.0,0
Meghan Trainor,People & Blogs,United States,14800000,8649303688.0,233,2500000.0,0
Jorge & Mateus Oficial,Music,Brazil,14800000,9076642765.0,318,4200000.0,0
Major Lazer Official,Music,0,14800000,9383431376.0,0,0.0,0
Beast Philanthropy,People & Blogs,Germany,14800000,272678287.0,34,1800.0,0
Filaretiki,0,United States,14800000,15788208522.0,2222,57800000.0,3
5-Minute Crafts Recycle,People & Blogs,United States,14800000,8866012877.0,3867,2600000.0,0
ýýýýýýýýýý ýýýýýýýýýýýý,Entertainment,Saudi Arabia,14700000,2230986039.0,1385,129300.0,0
Maha Fun Tv,Entertainment,United States,14700000,1321380490.0,85,229500.0,0
Canal Nostalgia,Entertainment,Spain,14700000,1506796393.0,554,10900.0,0
The Slow Mo Guys,Entertainment,United States,14700000,2465473772.0,317,911000.0,0
StudyIQ IAS,Education,India,14700000,4029253667.0,43564,3600000.0,0
Chad Wild Clay,Comedy,United States,14700000,6751985988.0,698,1700000.0,0
CollegeHumor,Comedy,United States,14700000,7255848125.0,4340,0.0,0
Netflix Jr.,Education,United States,14700000,8882319696.0,1996,3800000.0,0
Colors Rishtey,Entertainment,India,14700000,12362331529.0,23490,16700000.0,0
ABC News,News & Politics,United States,14700000,12961669452.0,80830,8900000.0,0
Camila Loures,Music,Brazil,14700000,4684983333.0,3978,2000000.0,0
Doc Tops,Entertainment,Ecuador,14600000,2613197447.0,490,787600.0,0
Auron,People & Blogs,Spain,14600000,3337074920.0,961,2900000.0,0
Jesser,Gaming,United States,14600000,3603556207.0,1244,4400000.0,0
Planeta das Gï¿½ï¿½,People & Blogs,Brazil,14600000,4622581344.0,951,506300.0,0
PrestonPlayz,Gaming,United States,14600000,5766647017.0,4009,7300000.0,0
Martin Garrix,Music,United States,14600000,6017932195.0,365,1700000.0,0
O Reino Infantil,Music,Brazil,14600000,11182302317.0,1206,5300000.0,0
Fifth Harmony,Music,United States,14600000,7952268926.0,67,1800000.0,0
Mis Pastelitos,Howto & Style,Mexico,14600000,2750902766.0,603,2400000.0,0
Noman Official,Comedy,India,14600000,5525773746.0,560,6700000.0,0
LEGENDA FUNK,Music,Brazil,14500000,2440718089.0,0,0.0,0
Like Nastya Stories,Entertainment,United States,14500000,6944967581.0,479,1400000.0,0
les boys tv2,Entertainment,United States,14500000,4577292740.0,453,21600.0,0
Lotus Music,0,India,14500000,1739129375.0,514,1100000.0,0
IDEIAS INCRï¿½ï¿½,Howto & Style,Brazil,14500000,3551889957.0,5430,136200.0,0
Reaction Time,Entertainment,United States,14500000,4260187928.0,1717,475700.0,0
BBC News,News & Politics,United Kingdom,14500000,4598387043.0,18972,3200000.0,0
Eli Kids - Cartoons & Songs,0,United States,14500000,4821183481.0,605,7200000.0,0
Boram Tube ToysReview [ï¿½ï¿½ï¿½ï¿½ï¿½ï¿½ï¿½ï¿½ï¿,People & Blogs,South Korea,14500000,5014888374.0,618,238100.0,0
Aadishakti Films,Music,India,14500000,6290721701.0,4790,2300000.0,0
Telemundo,Entertainment,United States,14500000,8582696157.0,19201,2300000.0,0
GMM25Thailand,Entertainment,Thailand,14500000,9383692066.0,68606,2200000.0,0
TV9 Bharatvarsh,People & Blogs,India,14500000,10303519926.0,293516,20100000.0,1
Maroon5VEVO,Music,United States,14500000,20042571499.0,147,4700000.0,0
Saad Lamjarred | ï¿½ï¿½ï¿½ï¿½ï¿½ï¿,Music,Morocco,14500000,4315486422.0,176,1800000.0,0
Hear This Music,Music,0,14500000,9201428420.0,39,2300000.0,0
Lilly Singh,Comedy,Canada,14500000,3517662420.0,1064,255800.0,0
ýýýýýýýýýýýýýýýýýýýýý,Entertainment,South Korea,14400000,600154268.0,364,65700.0,0
Gyan Gamingï¿½,Gaming,India,14400000,2224121890.0,3086,666800.0,0
Drawblogs,Entertainment,Peru,14400000,1629801448.0,399,48100.0,0
NOBRU,Gaming,0,14400000,351763324.0,2,0.1,0
ýýýýýýýýýýýý ýýýýýýýýýýýý I ýýýýýý ýý ýýýýýýýýýý,Entertainment,Saudi Arabia,14400000,2972474215.0,381,224300.0,0
Cyprien,Comedy,France,14400000,3086254545.0,222,548000.0,0
Rclbeauty101,Comedy,United States,14400000,3900312631.0,463,414500.0,0
Coke Studio,Music,United States,14400000,4035738731.0,450,170700.0,0
Indore Physical Academy,People & Blogs,India,14400000,4156427797.0,1838,3400000.0,0
Rosanna Pansino,Howto & Style,United States,14400000,4597228794.0,1248,1300000.0,0
Harry Styles,People & Blogs,United States,14400000,5689224452.0,0,0.0,0
Vlad and Niki PRT,0,United States,14400000,6543282459.0,516,1900000.0,0
RS 1313 SHORTS,Entertainment,India,14400000,8011977288.0,5628,10200000.0,0
Zig & Sharko,Film & Animation,0,14400000,9023952946.0,978,3000000.0,0
SelenaGomezVEVO,Music,United States,14400000,11423792969.0,186,4300000.0,0
ZEE5,Entertainment,India,14400000,18515587421.0,101401,7200000.0,1
Super Polina,People & Blogs,United States,14300000,4776507159.0,576,19900.0,0
Rebecca Zamolo,Comedy,United States,14300000,6388439235.0,1,0.0,0
Wish 107.5,Music,Philippines,14200000,6048517979.0,1823,3000000.0,0
Invento na Hora,Film & Animation,Brazil,14200000,4040297006.0,1281,913400.0,0
SIS vs BRO,Entertainment,Ukraine,14200000,6973932553.0,60,5.0,0
NikkieTutorials,Howto & Style,Netherlands,14200000,1778318927.0,876,1700000.0,0
TommyInnit,Gaming,United Kingdom,14200000,2084791147.0,342,2600000.0,0
E-MasterSensei,Gaming,Mexico,14200000,3920559552.0,1300,2100000.0,0
infobells - Kannada,Education,India,14200000,6554000320.0,433,6800000.0,0
Crazy Frog,Music,0,14200000,7946322061.0,0,0.0,0
The Dodo,Pets & Animals,0,14200000,9964116817.0,8,346.0,0
SEVENGERS,Comedy,India,14200000,10238593147.0,872,17700000.0,0
Zee Bangla,Entertainment,India,14200000,11428794827.0,132398,2900000.0,1
DangMattSmith,Entertainment,United States,14200000,3317805543.0,1724,619300.0,0
Neha Kakkar,Music,India,14100000,2131548711.0,149,1200000.0,0
#Refugio Mental,Entertainment,0,14100000,3594936775.0,846,333200.0,0
ýýýýýýýýýýýýýýýýýýýý ýýýýýýýýýýýýýýýýýýýý,Entertainment,0,14100000,3920221322.0,65,977.0,0
Trap City,Music,Australia,14100000,5129529846.0,3,7.0,0
Supercar Blondie,Autos & Vehicles,United Arab Emirates,14100000,5405563355.0,855,17000000.0,0
Yudist Ardhana,Entertainment,Indonesia,14100000,6036496916.0,2854,8500000.0,0
Lana Del Rey,Music,United States,14100000,6884215292.0,43,6500000.0,0
MalumaVEVO,Music,United States,14100000,19013942981.0,182,4700000.0,0
F2Freestylers - Ultimate Soccer Skills Channel,Sports,United Kingdom,14100000,3280481927.0,777,490600.0,0
Bie The Ska,Entertainment,Thailand,14100000,4627069704.0,1540,600100.0,0
AM3NlC,Gaming,Brazil,14000000,4959982720.0,5757,490100.0,0
Narins Beauty,Howto & Style,Sweden,14000000,2214167846.0,431,658000.0,0
TV Ana Emilia,People & Blogs,Mexico,14000000,4674164601.0,651,1300000.0,0
ýýýýýýýýýýýý,Gaming,Russia,14000000,7719743112.0,2210,7200000.0,0
Luli Pampï¿½,Music,Spain,14000000,8623705301.0,294,9700000.0,0
Gallina Pintadita,Music,Mexico,14000000,9660950823.0,62,3400000.0,0
ViralHog,People & Blogs,United States,14000000,18917687143.0,41117,65500000.0,3
ETV Jabardasth,People & Blogs,India,14000000,13542939513.0,9652,6400000.0,0
Zee Telugu,Entertainment,India,14000000,12597067132.0,3,0.34,0
Crescendo com Luluca,Entertainment,Brazil,14000000,5094050461.0,1307,3300000.0,0
Jazzghost,Gaming,Brazil,13900000,5673347763.0,5494,5100000.0,0
karameeshchannel,Entertainment,Jordan,13900000,9106781518.0,2254,4200000.0,0
Darkar Company Studios,Film & Animation,United States,13900000,2244318380.0,183,220700.0,0
Dental Digest,People & Blogs,0,13900000,7450345720.0,324,11100000.0,0
T-Series Regional,Entertainment,India,13900000,5217553897.0,15075,1600000.0,0
ADEL et SAMI,Entertainment,United States,13900000,5465532801.0,503,1300000.0,0
Jamuna TV,News & Politics,Bangladesh,13900000,12129583055.0,6,0.05,0
Atlantic Records,Music,United States,13900000,12513842343.0,1660,4700000.0,0
ýýýýýýýý ýý ýýýýýýýýýýýý,0,United States,13900000,8451754769.0,504,5500000.0,0
Veritasium,Education,United States,13900000,2165885634.0,369,2100000.0,0
Alexa Rivera,Howto & Style,0,13900000,3193226072.0,288,6900000.0,0
Airrack,Entertainment,United States,13800000,2224911030.0,173,4800000.0,0
Hacksmith Industries,Science & Technology,Canada,13800000,1820559912.0,887,4000000.0,0
JD Pantoja,People & Blogs,0,13800000,1493776391.0,16,649600.0,0
ýýýýýýýý/Atro,Gaming,Netherlands,13800000,2480957682.0,1952,2600000.0,0
123 GO! Spanish,People & Blogs,Mexico,13800000,5019136690.0,520,1300000.0,0
Geo News,News & Politics,Pakistan,13800000,5727888539.0,190093,4800000.0,1
Kids TV India Hindi Nursery Rhymes,Shows,India,13800000,6646953396.0,1505,3800000.0,0
Think Music India,Music,India,13800000,11039343563.0,4978,10400000.0,0
O Que Nï¿½ï¿½ï¿½ï¿½ï¿½ï¿,Comedy,Brazil,13700000,1967930734.0,696,4200000.0,0
Goldmines Premiere,Entertainment,India,13700000,1973638757.0,975,1800000.0,0
MAIKI021,Entertainment,Brazil,13700000,1950178163.0,3298,357000.0,0
The Vishal bhatt,Comedy,India,13700000,9596430464.0,1040,18200000.0,0
NishaMadhulika,Howto & Style,India,13700000,2939201386.0,2158,1100000.0,0
MyMissAnand,People & Blogs,India,13700000,4963275018.0,340,1300000.0,0
FAPTV,Comedy,Vietnam,13700000,5457203710.0,863,1700000.0,0
Wesley Safadï¿½,Music,Brazil,13700000,8134379376.0,438,3100000.0,0
infobells,Education,India,13700000,5178142148.0,495,1100000.0,0
Desi Gamers,Gaming,0,13700000,2135195239.0,1,0.24,0
Acenix,Gaming,Spain,13600000,2122062016.0,368,2300000.0,0
Zeinab Harake,0,Philippines,13600000,896891351.0,273,580200.0,0
DALLMYD,Sports,United States,13600000,1948925559.0,412,1500000.0,0
Lindsey Stirling,Music,United States,13600000,3764608356.0,199,733300.0,0
JOJO TV - Hindi Stories,Education,India,13600000,5141201173.0,1097,516700.0,0
BBC,Pets & Animals,United Kingdom,13600000,9685060624.0,16047,2100000.0,0
Saturday Night Live,Entertainment,United States,13600000,14717282742.0,8335,2700000.0,0
BUDI01 GAMING,Gaming,Indonesia,13500000,1181292450.0,319,644900.0,0
Typical Gamer,Gaming,Canada,13500000,4301581610.0,4312,1600000.0,0
Anaysa,Howto & Style,India,13500000,3445794123.0,591,1400000.0,0
JULIA GISELLA,Entertainment,United Kingdom,13500000,5380132790.0,19,78.0,0
Awakening Music,Music,United Kingdom,13500000,5545936485.0,814,1700000.0,0
Lady Diana,Entertainment,Ukraine,13500000,8265920659.0,1403,3600000.0,0
Sanjoy Das Official,Entertainment,India,13500000,3912334359.0,1793,8600000.0,0
Woody & Kleiny,Comedy,United Kingdom,13500000,11717217293.0,975,23800000.0,0
Vijay Kumar Viner Vlogs,Entertainment,India,13500000,7958771872.0,1357,5300000.0,0
Conor Maynard,Music,United States,13500000,2750993392.0,321,517800.0,0
Wengie,Howto & Style,United States,13500000,1900272833.0,462,64100.0,0
Vlad y Niki Show,0,United States,13400000,4622628957.0,477,4400000.0,0
Codiscos,Music,Colombia,13400000,11789678655.0,7356,11000000.0,0
The World Adventures ï¿½ï¿½ï¿½ï¿½ï¿½ï¿½,People & Blogs,India,13400000,2139769210.0,1028,50100.0,0
Vibhu 96,0,India,13400000,20563378.0,256,972700.0,0
Blockbuster Movies,Entertainment,India,13400000,2650061211.0,0,0.0,0
ATHLEAN-Xï¿½,Howto & Style,United States,13400000,2319515787.0,1349,695900.0,0
My Mate Nate,Comedy,Thailand,13400000,3363634923.0,1195,2000000.0,0
H2ODelirious,Gaming,United States,13400000,4356686216.0,3727,805700.0,0
GMA Integrated News,News & Politics,Philippines,13400000,9569814790.0,296272,5500000.0,1
Peet Montzingo,People & Blogs,United States,13400000,10022557589.0,319,19100000.0,0
The Q,People & Blogs,United States,13400000,4306212515.0,96,0.14,0
Trakin Tech,Science & Technology,India,13300000,2262690743.0,3640,2100000.0,0
theRadBrad,Gaming,United States,13300000,6050102764.0,8195,753300.0,0
Matt Steffanina,Entertainment,United States,13300000,3299216601.0,331,92600.0,0
Stray Kids,People & Blogs,0,13300000,3364230487.0,3,0.1,0
Kurt Hugo Schneider,Entertainment,United States,13300000,3733856870.0,698,203200.0,0
Vogue,Entertainment,United States,13300000,4177184071.0,3166,2200000.0,0
ýýýýýýýýýýýýýýýýýý,People & Blogs,Russia,13300000,6482687220.0,608,4300000.0,0
Kids Lineï¿½ï¿½ï¿½ï¿½ï¿½ï¿½ï¿½,People & Blogs,United States,13300000,9088562002.0,2742,7800000.0,0
VexTrex,Entertainment,Ukraine,13300000,7923901253.0,2411,0.0,0
penguinz0,Gaming,United States,13300000,7773543609.0,4613,9100000.0,0
Just For Laughs Gags,Comedy,United States,13300000,7406628736.0,6916,838500.0,0
Kabita's Kitchen,Howto & Style,India,13300000,2831275503.0,1489,2100000.0,0
BanderitaX,Gaming,Saudi Arabia,13300000,4129249415.0,1640,3400000.0,0
AzzyLand,Gaming,Canada,13300000,6412313570.0,1749,258600.0,0
HUBAï¿½ï¿½,Entertainment,United States,13200000,9884886099.0,538,15300000.0,0
BIBO ï¿½ï¿½ï¿½ï¿½ï¿½ï¿,Entertainment,Russia,13200000,1148422000.0,192,420900.0,0
Brawl Stars,Gaming,Finland,13200000,2036408398.0,172,977700.0,0
Ei Nerd,Entertainment,0,13200000,3568392223.0,0,0.0,0
Sonotek Bhakti,Entertainment,India,13200000,3789736218.0,8019,1200000.0,0
Vilmei,0,Indonesia,13200000,4205664894.0,1324,12700000.0,0
MC Divertida,Entertainment,Brazil,13200000,5224764969.0,413,3100000.0,0
The Infographics Show,Education,United States,13200000,5263540904.0,4279,2500000.0,0
jbalvinVEVO,Music,Colombia,13200000,20743586601.0,237,4100000.0,0
ýýýýýýTwinsFromRussia,People & Blogs,United States,13200000,9378175604.0,6888,5700000.0,0
Technology Gyan,Science & Technology,India,13200000,1138262456.0,1022,888900.0,0
CookingShooking Hindi,People & Blogs,India,13200000,1758603195.0,393,551500.0,0
Ryan Trahan,Entertainment,United States,13100000,2182651464.0,33,12.0,0
Alex Gonzaga Official,People & Blogs,Philippines,13100000,1401914513.0,287,520700.0,0
WiederDude,0,United States,13100000,2733682792.0,289,2700000.0,0
Ian Boggs,Entertainment,0,13100000,9110348202.0,1327,15800000.0,0
Lokdhun Punjabi,Music,India,13100000,4712624489.0,1262,1700000.0,0
Knowledge Tv ï¿½ï¿½ï¿½ï¿½ï¿½ï¿½,People & Blogs,0,13100000,1936582704.0,7,0.1,0
Painzeiro,People & Blogs,Brazil,13100000,2555801802.0,1077,2100000.0,0
Peppa Pig em Portuguï¿½ï¿½ï¿½ï¿½ï¿½ï¿½ï¿½ï¿½ï¿,Film & Animation,Brazil,13100000,4214172991.0,1365,1300000.0,0
ýýýýýýýýýýýýýýý Ms Yeah,People & Blogs,United States,13100000,4399833602.0,435,2900000.0,0
Hungria Hip Hop,Music,Brazil,13100000,4608751851.0,73,2300000.0,0
RaptorGamer,People & Blogs,Ecuador,13100000,2879263916.0,1444,3000000.0,0
RedeTV,Entertainment,Brazil,13100000,5333569294.0,36760,844200.0,0
twenty one pilots,Music,United States,13100000,5264039679.0,194,2400000.0,0
DJ Khaled,Music,Samoa,13100000,6637820731.0,12,18.0,0
Davie504,Entertainment,Italy,13000000,2683297849.0,838,1400000.0,0
Everson Zoio,Comedy,Brazil,13000000,1024467771.0,625,146500.0,0
Calon Sarjana,Entertainment,Indonesia,13000000,10664585.0,29,0.0,0
Lofi Girl,Music,France,13000000,1698279553.0,409,1500000.0,0
Jomy Production,Entertainment,India,13000000,5057163256.0,8,0.1,0
GH'S,Gaming,South Korea,13000000,8739174649.0,510,51900000.0,3
JesseAndMike,Entertainment,United States,13000000,9999238237.0,716,2000000.0,0
Wolfoo Channel,0,Pakistan,13000000,301547793.0,22,28.0,0
Susy Mouriz,Entertainment,Mexico,13000000,6270909026.0,1299,17700000.0,0
7 Minutoz,Music,Brazil,13000000,4349562794.0,521,1400000.0,0
The LaBrant Fam,Comedy,United States,13000000,4637474071.0,612,0.0,0
Pastor Antï¿½ï¿½ï¿½ï¿½ï,People & Blogs,Brazil,12900000,2112274210.0,4712,1500000.0,0
Matheus Yurley,Entertainment,Brazil,12900000,140022442.0,69,7100.0,0
gymvirtual,Sports,Spain,12900000,2509752944.0,1572,575700.0,0
BIBOï¿½ï¿½ï¿½ï¿½ï,Entertainment,South Korea,12900000,3178222797.0,193,192100.0,0
Top Viral Talent,Entertainment,United States,12900000,3643698504.0,1598,1400000.0,0
Akon,Music,United States,12900000,6300933122.0,39,4400000.0,0
AlArabiya ï¿½ï¿½ï¿½ï¿½ï¿,People & Blogs,United Arab Emirates,12900000,7520379951.0,169304,3900000.0,1
Rauw Alejandro,Music,0,12900000,11504090820.0,168,9900000.0,0
EnriqueIglesiasVEVO,Music,United States,12900000,15446707595.0,137,3600000.0,0
ýýýýýýýý ýýýý ýýýýýýýýýýýýýý,Shows,Ukraine,12900000,5585085130.0,1255,3400000.0,0
The Shiny Peanut,Education,Indonesia,12900000,2848466522.0,2337,40200.0,0
Talking Angela,Entertainment,United Kingdom,12800000,3632438963.0,233,1300000.0,0
Melon City Show - ï¿½ï¿½ï¿½ï¿½ï¿½ï¿½ï¿½ï¿½ï¿½ï¿½ï¿,Comedy,Iraq,12800000,5863456698.0,1727,1700000.0,0
Duo Tiempo De Sol,Music,Spain,12800000,6662288136.0,323,2600000.0,0
Troom Troom India,Howto & Style,0,12800000,6804072897.0,2385,829000.0,0
MrSuicideSheep,Entertainment,Canada,12800000,6970899521.0,3483,869600.0,0
Adam W,Comedy,United States,12800000,9502983550.0,681,11000000.0,0
Right to Shiksha,Education,India,12800000,7876740921.0,2044,10300000.0,0
Beyoncï¿½ï¿½,Music,United States,12800000,14185611472.0,168,4300000.0,0
FACT FIRE KING,0,India,12700000,1159290255.0,782,2500000.0,0
Ian Lucas,Entertainment,0,12700000,1450874545.0,50,0.0,0
Franco Escamilla,Comedy,Mexico,12700000,4266957149.0,2483,3700000.0,0
Adexe & Nau,Music,Spain,12700000,4579773883.0,594,484000.0,0
Diana and Roma IND,0,United States,12700000,5567832210.0,534,2200000.0,0
Jass Records,Music,0,12700000,5958994201.0,1,0.05,0
Future,Music,United States,12700000,9927699419.0,119,22700.0,0
YoungBoy Never Broke Again,Entertainment,United States,12700000,13174393401.0,142,8200000.0,0
Blossom,Howto & Style,United States,12700000,4733873025.0,812,2100000.0,0
#Refï¿½ï¿½ï¿½ï¿½,Entertainment,0,12700000,2709954270.0,846,333200.0,0
Piuzinho,Gaming,Brazil,12700000,1081285962.0,504,173700.0,0
Heidi y Zidane,0,United States,12700000,6001189018.0,600,773600.0,0
Go Ami Go!,People & Blogs,Colombia,12700000,1714955279.0,252,15700000.0,0
Morgz,Gaming,United Kingdom,12600000,3303595310.0,825,2800000.0,0
CaseyNeistat,People & Blogs,United States,12600000,3152402405.0,1101,285700.0,0
ýýýýýýýýýSULGI,People & Blogs,South Korea,12600000,3485373675.0,683,5400000.0,0
NickiMinajAtVEVO,Music,United States,12600000,8831179714.0,99,1700000.0,0
Ellie Goulding,Music,United Kingdom,12600000,6969178081.0,218,1800000.0,0
colinfurze,Entertainment,United Kingdom,12500000,1612094871.0,385,407200.0,0
People Vs Food,Entertainment,United States,12500000,1136534702.0,601,736300.0,0
Wolfoo Family,0,United States,12500000,161254021.0,61,0.0,0
Ja Mill,People & Blogs,0,12500000,1302818088.0,0,0.0,0
Health Time,Howto & Style,India,12500000,1002219689.0,1810,66900.0,0
Yair17,Gaming,Mexico,12500000,1402042328.0,1109,425700.0,0
Little Baby Bum en Espaï¿½ï,Education,Spain,12500000,6956320454.0,1459,783300.0,0
First We Feast,Howto & Style,United States,12500000,2983799729.0,1076,5300000.0,0
Mï¿½ï¿½ï¿½ï¿½,Travel & Events,Mexico,12500000,3140883140.0,766,1500000.0,0
Bebefinn - Nursery Rhymes & Kids Songs,0,United States,12500000,4163639093.0,322,0.0,0
Troom Troom PT,Howto & Style,0,12500000,4384177908.0,2738,648100.0,0
Parafernalha,Entertainment,Brazil,12500000,4625777945.0,1888,343600.0,0
NDTV,Entertainment,India,12500000,4935793409.0,151136,2800000.0,1
elcarteldesantatv,Music,Mexico,12500000,7489455451.0,377,5600000.0,0
Family Fitness,Entertainment,India,12500000,10384848759.0,1699,11300000.0,0
Zee Tamil,Entertainment,India,12500000,11552190002.0,102699,16800000.0,1
Flowers Comedy,Entertainment,India,12500000,11691081301.0,11907,8600000.0,0
Mundo Bita,Music,Brazil,12500000,16690788752.0,253,10300000.0,0
Wave Music Bhakti,Music,India,12500000,5146004207.0,19899,531800.0,0
Troom Troom Indonesia,People & Blogs,0,12500000,5379684248.0,8,0.05,0
CKM,Comedy,India,12500000,4465772496.0,117,630800.0,0
Quantum Tech HD,Science & Technology,Pakistan,12500000,4340213066.0,223,419.0,0
_vector_,Comedy,United States,12400000,7597013023.0,398,43400000.0,0
DEV Ke Facts,0,India,12400000,1971226335.0,218,13100000.0,0
Hero Movies 2023,People & Blogs,0,12400000,1689090619.0,689,1000000.0,0
LOUD,Gaming,United States,12400000,2394143260.0,690,1300.0,0
Gibby :),People & Blogs,Mexico,12400000,2862685032.0,226,493300.0,0
Gustavo Parï¿½ï¿½,Comedy,Brazil,12400000,2602614088.0,9,0.0,0
SAAIHALILINTAR,Entertainment,Indonesia,12400000,1113066203.0,409,38700.0,0
Timba Vk,Gaming,Spain,12400000,2840137980.0,1024,1200000.0,0
Heidi and Zidane HZHtube,Entertainment,Canada,12400000,4021409291.0,813,460600.0,0
DaniRep | +6 Vï¿½ï¿½ï¿½ï¿½ï¿½ï¿½ï¿½ï¿½ï¿½ï¿½ï,Gaming,Spain,12400000,6933660906.0,12419,4000000.0,0
Zee Kids,Film & Animation,India,12400000,7683670251.0,1212,4600000.0,0
Pari's Lifestyle,People & Blogs,India,12400000,7741764747.0,459,1800000.0,0
DisneyChannelUK,Music,United Kingdom,12400000,12607488647.0,4422,1700000.0,0
MoniLina,Comedy,United States,12400000,16086808918.0,0,0.0,0
bharatzkitchen HINDI,Howto & Style,India,12400000,2315226648.0,729,1500000.0,0
TKOR,Education,0,12400000,3392022527.0,0,0.0,0
ANNA KOVA,People & Blogs,0,12400000,13959586308.0,1,0.1,0
Avril Lavigne,Music,United States,12400000,6202090191.0,205,2400000.0,0
Caylus,Education,United States,12400000,4779139505.0,1340,8500000.0,0
Migos ATL,Music,United States,12400000,6993406259.0,99,2400000.0,0
Natan por Aï¿,Sports,Brazil,12300000,9029609749.0,1200,26500000.0,0
Free Fire India Official,People & Blogs,India,12300000,1674409945.0,1500,3100000.0,0
Panda,0,United Kingdom,12300000,2214684303.0,2452,3200.0,0
RobTopGames,Gaming,Sweden,12300000,374123483.0,39,185800.0,0
Make Joke Of,Comedy,India,12300000,2129773714.0,62,1200000.0,0
